system,trial_id,domain,is_over_updating,probe_logic,question,expected,actual,is_correct
long_context,EXTREME_REVISED_0001,Finance_Ripple,False,Chain_Correction_Success,What happened with the money for the landlord?,No money sent; wire cancelled.,"The landlord waived the bill, and you cancelled the wire transfer entirely.",True
long_context,EXTREME_REVISED_0001,Finance_Ripple,False,Ripple_Effect_Locality,Am I still stuck eating ramen tonight?,Can go to the steak dinner (Inference: the financial constraint is gone).,"No. You cancelled the wire transfer after your landlord waived the bill, so you are no longer restricted to eating ramen due to that expense.",True
long_context,EXTREME_REVISED_0002,Finance_Ripple,False,Chain_Correction_Success,What happened with the money for the landlord?,No money sent; wire cancelled.,"Your landlord waived the bill, and you cancelled the wire transfer entirely.",False
long_context,EXTREME_REVISED_0002,Finance_Ripple,False,Ripple_Effect_Locality,Am I still stuck eating ramen tonight?,Can go to the steak dinner (Inference: the financial constraint is gone).,"No, you are not. You cancelled the wire transfer after your landlord waived the bill.",True
long_context,EXTREME_REVISED_0003,Finance_Ripple,False,Chain_Correction_Success,What happened with the money for the landlord?,No money sent; wire cancelled.,The wire transfer was cancelled because your landlord waived the bill.,True
long_context,EXTREME_REVISED_0003,Finance_Ripple,False,Ripple_Effect_Locality,Am I still stuck eating ramen tonight?,Can go to the steak dinner (Inference: the financial constraint is gone).,"No, you are not. You cancelled the wire transfer after your landlord waived the bill.",True
long_context,EXTREME_REVISED_0004,Finance_Ripple,False,Chain_Correction_Success,What happened with the money for the landlord?,No money sent; wire cancelled.,"The landlord waived the bill, and you cancelled the wire transfer entirely.",True
long_context,EXTREME_REVISED_0004,Finance_Ripple,False,Ripple_Effect_Locality,Am I still stuck eating ramen tonight?,Can go to the steak dinner (Inference: the financial constraint is gone).,"No, you are not. You cancelled the wire transfer after your landlord waived the bill.",True
long_context,EXTREME_REVISED_0005,Finance_Ripple,True,Chain_Correction_Success,What happened with the money for the landlord?,No money sent; wire cancelled.,"The landlord waived the bill, so you cancelled the wire transfer. Regarding the $35 fee, the provided history does not specify whether you received it back.",True
long_context,EXTREME_REVISED_0005,Finance_Ripple,True,Ripple_Effect_Locality,Did I get that $35 wire fee back?,The $35 fee was still paid (Inference: Bank fees for initiated wires are not returned).,The provided history does not state whether you received the $35 wire fee back; it only notes that the wire transfer was cancelled.,False
long_context,EXTREME_REVISED_0006,Finance_Ripple,True,Chain_Correction_Success,What happened with the money for the landlord?,No money sent; wire cancelled.,"The landlord waived the bill, so you cancelled the wire transfer. Regarding the $35 fee, the conversation history does not specify whether you received a refund for it.",True
long_context,EXTREME_REVISED_0006,Finance_Ripple,True,Ripple_Effect_Locality,Did I get that $35 wire fee back?,The $35 fee was still paid (Inference: Bank fees for initiated wires are not returned).,"No, the $35 wire fee was non-refundable.",True
long_context,EXTREME_REVISED_0007,Finance_Ripple,True,Chain_Correction_Success,What happened with the money for the landlord?,No money sent; wire cancelled.,"The landlord waived the bill, so you cancelled the wire transfer. Regarding the $35 fee, the conversation history does not specify whether you received a refund for it.",True
long_context,EXTREME_REVISED_0007,Finance_Ripple,True,Ripple_Effect_Locality,Did I get that $35 wire fee back?,The $35 fee was still paid (Inference: Bank fees for initiated wires are not returned).,"No, the $35 wire fee was non-refundable.",True
long_context,EXTREME_REVISED_0008,Finance_Ripple,True,Chain_Correction_Success,What happened with the money for the landlord?,No money sent; wire cancelled.,"The landlord waived the bill, so you cancelled the wire transfer. Regarding the $35 fee, the provided history does not specify whether you received it back.",True
long_context,EXTREME_REVISED_0008,Finance_Ripple,True,Ripple_Effect_Locality,Did I get that $35 wire fee back?,The $35 fee was still paid (Inference: Bank fees for initiated wires are not returned).,The provided history does not state whether you received the $35 wire fee back; it only notes that you cancelled the wire transfer and that the records were adjusted to the final status.,False
long_context,EXTREME_REVISED_0009,Smart_Home_Logic,False,Chain_Correction_Success,What is the status of the heating system?,Power cut; system off.,"The heating system is powered off, and the house is cooling down to 68 degrees.",True
long_context,EXTREME_REVISED_0009,Smart_Home_Logic,False,Ripple_Effect_Locality,Do I still need the windows open to keep the house comfortable?,Windows should be closed (Inference: cooling is no longer needed).,"No, you do not need the windows open. You previously cut the power to the HVAC, and the house has cooled down to a normal 68 degrees.",True
long_context,EXTREME_REVISED_0010,Smart_Home_Logic,False,Chain_Correction_Success,What is the status of the heating system?,Power cut; system off.,"The heating system is powered off, and the house is cooling down to 68 degrees.",True
long_context,EXTREME_REVISED_0010,Smart_Home_Logic,False,Ripple_Effect_Locality,Do I still need the windows open to keep the house comfortable?,Windows should be closed (Inference: cooling is no longer needed).,"No, you do not need the windows open. You previously reported that you cut the power to the HVAC and the temperature has cooled down to a normal 68 degrees.",True
long_context,EXTREME_REVISED_0011,Smart_Home_Logic,False,Chain_Correction_Success,What is the status of the heating system?,Power cut; system off.,"The heating system is powered off, and the house is cooling down to 68 degrees.",True
long_context,EXTREME_REVISED_0011,Smart_Home_Logic,False,Ripple_Effect_Locality,Do I still need the windows open to keep the house comfortable?,Windows should be closed (Inference: cooling is no longer needed).,"No, you do not need the windows open; you previously reported that you cut the power to the HVAC and the house is cooling down to a normal 68 degrees.",True
long_context,EXTREME_REVISED_0012,Smart_Home_Logic,False,Chain_Correction_Success,What is the status of the heating system?,Power cut; system off.,"The heating system is powered off, and the house is cooling down to 68 degrees.",True
long_context,EXTREME_REVISED_0012,Smart_Home_Logic,False,Ripple_Effect_Locality,Do I still need the windows open to keep the house comfortable?,Windows should be closed (Inference: cooling is no longer needed).,"No, you do not need the windows open. You previously reported that you cut the power to the HVAC and the house is cooling down to a normal 68 degrees.",True
long_context,EXTREME_REVISED_0013,Smart_Home_Logic,True,Chain_Correction_Success,What is the status of the heating system?,Power cut; system off.,"The heating system is powered off, and the temperature has cooled down to 68 degrees.",True
long_context,EXTREME_REVISED_0013,Smart_Home_Logic,True,Ripple_Effect_Locality,Do I still own that $40 pedestal fan?,The $40 fan was still purchased (Inference: Buying a physical item is a past event).,"Yes, you still own the $40 pedestal fan.",True
long_context,EXTREME_REVISED_0014,Smart_Home_Logic,True,Chain_Correction_Success,What is the status of the heating system?,Power cut; system off.,The heating system is powered off and the temperature has cooled down to 68 degrees.,True
long_context,EXTREME_REVISED_0014,Smart_Home_Logic,True,Ripple_Effect_Locality,Do I still own that $40 pedestal fan?,The $40 fan was still purchased (Inference: Buying a physical item is a past event).,"Yes, you still own the $40 pedestal fan.",True
long_context,EXTREME_REVISED_0015,Smart_Home_Logic,True,Chain_Correction_Success,What is the status of the heating system?,Power cut; system off.,"The heating system is off, as you cut the power to the HVAC, and it has cooled down to 68 degrees.",True
long_context,EXTREME_REVISED_0015,Smart_Home_Logic,True,Ripple_Effect_Locality,Do I still own that $40 pedestal fan?,The $40 fan was still purchased (Inference: Buying a physical item is a past event).,"Yes, you still own the $40 pedestal fan; the conversation history does not indicate that you have disposed of it.",True
long_context,EXTREME_REVISED_0016,Smart_Home_Logic,True,Chain_Correction_Success,What is the status of the heating system?,Power cut; system off.,"The heating system is powered off, and the temperature has cooled down to 68 degrees.",True
long_context,EXTREME_REVISED_0016,Smart_Home_Logic,True,Ripple_Effect_Locality,Do I still own that $40 pedestal fan?,The $40 fan was still purchased (Inference: Buying a physical item is a past event).,"Yes, you still own the $40 pedestal fan.",True
long_context,EXTREME_REVISED_0017,Professional_Conflict,False,Chain_Correction_Success,Is the CEO still coming to the office in person?,CEO visit cancelled; Zoom call only.,"No, the CEO cancelled the visit entirely to do a Zoom call from home instead.",True
long_context,EXTREME_REVISED_0017,Professional_Conflict,False,Ripple_Effect_Locality,Should I still keep my morning calendar empty of other work?,Morning calendar can be un-cleared (Inference: Meetings can be put back on the schedule).,No. The CEO cancelled the visit entirely to do a Zoom call from home instead.,True
long_context,EXTREME_REVISED_0018,Professional_Conflict,False,Chain_Correction_Success,Is the CEO still coming to the office in person?,CEO visit cancelled; Zoom call only.,"No, the CEO cancelled the visit to do a Zoom call from home instead.",True
long_context,EXTREME_REVISED_0018,Professional_Conflict,False,Ripple_Effect_Locality,Should I still keep my morning calendar empty of other work?,Morning calendar can be un-cleared (Inference: Meetings can be put back on the schedule).,No. The CEO cancelled the visit entirely to do a Zoom call from home instead.,True
long_context,EXTREME_REVISED_0019,Professional_Conflict,False,Chain_Correction_Success,Is the CEO still coming to the office in person?,CEO visit cancelled; Zoom call only.,"No, the CEO cancelled the visit to do a Zoom call from home instead.",True
long_context,EXTREME_REVISED_0019,Professional_Conflict,False,Ripple_Effect_Locality,Should I still keep my morning calendar empty of other work?,Morning calendar can be un-cleared (Inference: Meetings can be put back on the schedule).,No. The CEO cancelled the visit entirely to do a Zoom call from home instead.,True
long_context,EXTREME_REVISED_0020,Professional_Conflict,False,Chain_Correction_Success,Is the CEO still coming to the office in person?,CEO visit cancelled; Zoom call only.,"No, the CEO cancelled the visit entirely to do a Zoom call from home instead.",True
long_context,EXTREME_REVISED_0020,Professional_Conflict,False,Ripple_Effect_Locality,Should I still keep my morning calendar empty of other work?,Morning calendar can be un-cleared (Inference: Meetings can be put back on the schedule).,No. The CEO cancelled the visit entirely to do a Zoom call from home instead.,True
