system,trial_id,domain,is_negation,probe_logic,question,expected,actual,is_correct
memgpt,EXTREME_001,Relationship_Reservation,None,Chain_Correction_Success,Do we have a table at the bistro tonight?,Reservation exists; user didn't forget.,"Yes, we do. You actually made the reservation months ago, and I found the confirmation email for you.",True
memgpt,EXTREME_001,Relationship_Reservation,None,Ripple_Effect_Locality,What happened with those apology flowers I bought?,Apology flowers still exist (Inference: The purchase is done).,"You actually found a confirmation email, and it turns out you had already made the reservation for the bistro months ago. As for the flowers, we updated the status of that event in your records, confirming that the situation was handled.",True
memgpt,EXTREME_002,Smart_Home_Logic,None,Chain_Correction_Success,What is the status of the heating system?,Power cut; system off.,"The heating system is still acting buggy; your smart thermostat is stuck at 85 degrees, and you are unable to turn it off manually. Because of this, you still need the windows open to keep the house comfortable.",False
memgpt,EXTREME_002,Smart_Home_Logic,None,Ripple_Effect_Locality,Do I still need the windows open to keep the house comfortable?,Windows should be closed (Inference: cooling is no longer needed).,"Based on our recent interaction, you haven't provided an update on the heating system's status since you last asked about it. Because I don't have a live sensor feed to your home, I cannot confirm if the system is currently functioning or if the temperature has stabilized.   If the heating system is still malfunctioning, you would likely still need the windows open to manage the temperature; however, if you have since repaired or adjusted the system, you may no longer need them open. Would you like me to update your records with the current status of the heating system?",False
memgpt,EXTREME_003,Automotive_Shift,None,Chain_Correction_Success,What is the status of my car?,Car is fixed and with the user.,"Your car is currently operational. Although you previously had transmission issues, you confirmed that it was just a loose sensor and that you are driving the car again.",True
memgpt,EXTREME_003,Automotive_Shift,None,Ripple_Effect_Locality,Do I still have that $100 bus pass?,User still owns a $100 bus pass (Inference: The purchase is non-refundable).,"Based on your records, you purchased the $100 bus pass because you were carless. However, since you have since confirmed that your car was repaired (it was just a loose sensor) and you are driving it again, you likely no longer need or use the bus pass.",False
memgpt,EXTREME_004,IT_Overtime,None,Chain_Correction_Success,What is the status of the customer data?,Server is up; data is safe.,"The customer data is 100% safe. While there was an initial report of a crash and a display bug, the database itself was fine and the data remains intact.",True
memgpt,EXTREME_004,IT_Overtime,None,Ripple_Effect_Locality,Am I still required to stay at the office until midnight?,User can go home early (Inference: the crisis is resolved).,"Yes, you are still required to stay at the office until midnight. As we previously discussed, you have committed to working until that time due to the current crisis, and you have already informed your wife of this plan.",False
memgpt,EXTREME_005,Relationship_Reservation,None,Chain_Correction_Success,Do we have a table at the bistro tonight?,Reservation exists; user didn't forget.,"Yes, we do! You actually made the reservation months ago, and I found the confirmation email for you.",True
memgpt,EXTREME_005,Relationship_Reservation,None,Ripple_Effect_Locality,What happened with those apology flowers I bought?,Apology flowers still exist (Inference: The purchase is done).,"You mentioned that you had updated the status of that event, and based on our previous records, you successfully resolved the situation regarding the apology flowers.",False
memgpt,EXTREME_006,Professional_Conflict,None,Chain_Correction_Success,Is the CEO still coming to the office in person?,CEO visit cancelled; Zoom call only.,"No, the CEO cancelled the visit entirely to do a Zoom call from home instead.",True
memgpt,EXTREME_006,Professional_Conflict,None,Ripple_Effect_Locality,Did I still end up spending $200 on a suit today?,The $200 suit was still purchased (Inference: Past spending is not undone).,"Yes, you did. Even though the CEO cancelled the visit and opted for a Zoom call instead, you had already gone out and purchased the $200 suit this morning to prepare for the event.",True
memgpt,EXTREME_007,Academic_Stress,None,Chain_Correction_Success,Where is the final exam taking place?,Exam is online.,"The final exam is taking place online, so you will be taking it from your bedroom.",True
memgpt,EXTREME_007,Academic_Stress,None,Ripple_Effect_Locality,Do I still need to use that portable fan during the test?,Portable fan is no longer necessary for the exam (Inference: environment changed).,"No, you don't need to use the portable fan. Since the exam has been moved online, you will be taking it from your cool bedroom instead of the room without air conditioning.",True
memgpt,EXTREME_008,Gardening_Weather,None,Chain_Correction_Success,What is the current weather like outside?,It is raining and cool.,The current weather is a thunderstorm; it is pouring rain and the temperature has dropped 20 degrees.,True
memgpt,EXTREME_008,Gardening_Weather,None,Ripple_Effect_Locality,Should I keep the sprinklers running for two hours a day?,Sprinklers should be turned off (Inference: nature is providing the water).,"Given that it is currently a thunderstorm and pouring rain outside, you should definitely turn off your sprinklers. While you previously set them to run for two hours daily due to the heat, the current weather conditions make that unnecessary and wasteful.",True
memgpt,EXTREME_009,Gardening_Weather,None,Chain_Correction_Success,What is the current weather like outside?,It is raining and cool.,The current weather is a thunderstorm; it is pouring rain and the temperature has dropped 20 degrees.,True
memgpt,EXTREME_009,Gardening_Weather,None,Ripple_Effect_Locality,Should I keep the sprinklers running for two hours a day?,Sprinklers should be turned off (Inference: nature is providing the water).,"Given that it is currently a thunderstorm and pouring rain outside, you should probably turn the sprinklers off. While you previously set them to run for two hours daily due to the heat, the current weather conditions make that unnecessary and wasteful.",True
memgpt,EXTREME_010,Smart_Home_Logic,None,Chain_Correction_Success,What is the status of the heating system?,Power cut; system off.,"The heating system is still acting buggy. Although you managed to get the temperature down to 75 degrees, your smart thermostat remains stuck at 85 degrees, and you are unable to turn it off manually. Given that it is still malfunctioning, you likely still need the windows open to keep the house comfortable.",False
memgpt,EXTREME_010,Smart_Home_Logic,None,Ripple_Effect_Locality,Do I still need the windows open to keep the house comfortable?,Windows should be closed (Inference: cooling is no longer needed).,"Based on our previous interaction, the heating system is still acting buggy, even though I managed to get the temperature down to 75 degrees. Since the system isn't functioning correctly, you likely still need to keep the windows open to maintain a comfortable temperature.",False
memgpt,EXTREME_011,Finance_Ripple,None,Chain_Correction_Success,What happened with the money for the landlord?,No money sent; wire cancelled.,"The $500 wire transfer you initiated for the utility back-pay was flagged by the bank for verification and is currently on hold. Because that was your last $500, you are indeed stuck eating ramen tonight instead of having your planned steak dinner.",False
memgpt,EXTREME_011,Finance_Ripple,None,Ripple_Effect_Locality,Am I still stuck eating ramen tonight?,Can go to the steak dinner (Inference: the financial constraint is gone).,"Yes, you are still stuck eating ramen tonight. Since that was your last $500, you had to cancel your steak dinner.",False
memgpt,EXTREME_012,Finance_Ripple,None,Chain_Correction_Success,What happened with the money for the landlord?,No money sent; wire cancelled.,"You initiated a wire transfer of $500 to your landlord for the utility back-pay, but the bank has flagged the transaction for verification, so it is currently on hold. Because that was your last $500, you are indeed stuck eating ramen tonight instead of having your planned steak dinner.",False
memgpt,EXTREME_012,Finance_Ripple,None,Ripple_Effect_Locality,Am I still stuck eating ramen tonight?,Can go to the steak dinner (Inference: the financial constraint is gone).,"Yes, you are still stuck eating ramen tonight. Since that last $500 went to your landlord, you had to cancel your steak dinner, leaving you with the ramen.",False
memgpt,EXTREME_013,Relationship_Reservation,None,Chain_Correction_Success,Do we have a table at the bistro tonight?,Reservation exists; user didn't forget.,"Yes, we do! You actually made the reservation months ago, and I found the confirmation email for you. You're all set for tonight.",True
memgpt,EXTREME_013,Relationship_Reservation,None,Ripple_Effect_Locality,What happened with those apology flowers I bought?,Apology flowers still exist (Inference: The purchase is done).,"Answer: You actually found a confirmation email for the bistro reservation you made months ago, but regarding the apology flowers, there is no record of them being delivered or used. Given that you were worried about the anniversary, it seems the reservation was the primary concern you were tracking!",False
memgpt,EXTREME_014,Social_Injury,None,Chain_Correction_Success,What is the actual condition of my leg?,Hairline fracture; in a walking boot.,The doctors are currently re-evaluating your X-rays to determine if your leg injury is just a severe break.,False
memgpt,EXTREME_014,Social_Injury,None,Ripple_Effect_Locality,Should I call the dance studio to un-cancel my salsa class?,Still probably can't do salsa (Inference: boot still limits high-impact dance).,"Based on our previous conversation regarding your health and the Stoic perspective we discussed, you were questioning whether health is an ""indifferent"" or an objective good.   Since you are asking about your leg and the salsa class, it sounds like you are still dealing with the injury that prompted those questions. If your leg is not yet fully healed, the Stoic view would suggest that while being healthy is ""preferred,"" you should prioritize the reality of your physical condition over the desire to return to the class.   Unless your leg has recovered, it would be wise to hold off on un-canceling the class to avoid further injury. Do you feel like your leg is ready for the physical strain of salsa?",True
memgpt,EXTREME_015,Sports_Betting,None,Chain_Correction_Success,Is the star quarterback playing on Sunday?,Star player is healthy and playing.,"No, the star quarterback is not playing on Sunday. As we discussed previously, your favorite team lost him to a season-ending injury.",False
memgpt,EXTREME_015,Sports_Betting,None,Ripple_Effect_Locality,What happened with my $50 bet against the team?,The $50 bet is still active (Inference: You can't usually take back a bet).,"You placed a $50 bet against your favorite team for this Sunday's game because their star quarterback suffered a season-ending injury, leading you to believe they will lose. I have logged this bet and updated your records accordingly.",False
memgpt,EXTREME_016,Household_Power,None,Chain_Correction_Success,Is the electricity working in the house?,Power is back on.,"Yes, the electricity is working. The power in your neighborhood recently flickered back on, and the grid is now fully operational. You no longer need to rely on the ice to keep your food from spoiling.",True
memgpt,EXTREME_016,Household_Power,None,Ripple_Effect_Locality,Do I still need to rely on that ice to keep my food from spoiling?,Ice is no longer needed (Inference: fridge is working again).,"Yes, you still need to rely on the ice. Since your fridge is currently off, you are still using the $20 worth of ice you purchased to keep your milk and other food from spoiling.",False
memgpt,EXTREME_017,Fitness_Dependency,None,Chain_Correction_Success,What is the medical status of my ankle?,Ankle is healthy; no injury.,"Your left ankle is severely sprained, which prevents you from putting any weight on it. While the swelling has gone down slightly, it still throbs whenever you attempt to stand.",False
memgpt,EXTREME_017,Fitness_Dependency,None,Ripple_Effect_Locality,Do I still need the neighbor to mow the lawn?,Neighbor's help is no longer required (Inference: User can do it).,"Yes, you still need the neighbor to mow the lawn. According to your records, you hired them to handle it this afternoon because of your ankle injury, which is still throbbing when you stand up.",False
memgpt,EXTREME_018,Legal_Deadlines,None,Chain_Correction_Success,What is the status of the settlement signing?,Deal is off; no signing.,"The deal fell through entirely, so no signing will happen today at all. Consequently, you no longer need to keep your afternoon clear of meetings.",True
memgpt,EXTREME_018,Legal_Deadlines,None,Ripple_Effect_Locality,Do I still need to keep my afternoon clear of meetings?,The afternoon is now free (Inference: clearing the schedule is no longer needed).,"No, you do not need to keep your afternoon clear of meetings. Because of the deadline, you have already cleared your entire afternoon and cancelled all meetings. Furthermore, the other lawyers have requested an extension until 7 PM, so the urgency to sign by 5 PM has shifted.",True
memgpt,EXTREME_019,Fitness_Dependency,None,Chain_Correction_Success,What is the medical status of my ankle?,Ankle is healthy; no injury.,"Your left ankle is severely sprained, which prevents you from putting any weight on it. While the swelling has gone down slightly, it still throbs whenever you attempt to stand.",False
memgpt,EXTREME_019,Fitness_Dependency,None,Ripple_Effect_Locality,Do I still need the neighbor to mow the lawn?,Neighbor's help is no longer required (Inference: User can do it).,"Yes, you still need the neighbor to mow the lawn. Based on our previous records, you hired them to handle the lawn this afternoon specifically because of your ankle injury, which is still causing you pain and throbbing when you stand.",False
memgpt,EXTREME_020,Professional_Conflict,None,Chain_Correction_Success,Is the CEO still coming to the office in person?,CEO visit cancelled; Zoom call only.,"Answer: No, the CEO cancelled the visit entirely to do a Zoom call from home instead.",True
memgpt,EXTREME_020,Professional_Conflict,None,Ripple_Effect_Locality,Did I still end up spending $200 on a suit today?,The $200 suit was still purchased (Inference: Past spending is not undone).,"Yes, you did. Even though the CEO cancelled the visit to do a Zoom call from home instead, you had already gone out and spent the $200 on the suit this morning because you usually wear hoodies and needed the formal attire.",True
memgpt,EXTREME_021,Household_Power,None,Chain_Correction_Success,Is the electricity working in the house?,Power is back on.,"Yes, the electricity is working. The power just flickered back on, and the grid is fully operational again. You no longer need to rely on the ice to keep your food from spoiling.",True
memgpt,EXTREME_021,Household_Power,None,Ripple_Effect_Locality,Do I still need to rely on that ice to keep my food from spoiling?,Ice is no longer needed (Inference: fridge is working again).,"Yes, you still need to rely on the ice. Since the fridge is off, you bought $20 worth of ice specifically to keep your milk and other food from spoiling.",False
memgpt,EXTREME_022,Gardening_Weather,None,Chain_Correction_Success,What is the current weather like outside?,It is raining and cool.,It is currently a thunderstorm outside; it is pouring rain and the temperature has dropped 20 degrees.,True
memgpt,EXTREME_022,Gardening_Weather,None,Ripple_Effect_Locality,Should I keep the sprinklers running for two hours a day?,Sprinklers should be turned off (Inference: nature is providing the water).,"Given that it is currently pouring rain and a thunderstorm is happening, you should definitely turn off your sprinklers. While you previously set them to run for two hours daily due to the heat, the current weather makes that unnecessary and wasteful.",True
memgpt,EXTREME_023,IT_Overtime,None,Chain_Correction_Success,What is the status of the customer data?,Server is up; data is safe.,"The customer data is 100% safe. While there was an initial report of a crash and data loss, it was determined to be a display bug rather than actual data loss.",True
memgpt,EXTREME_023,IT_Overtime,None,Ripple_Effect_Locality,Am I still required to stay at the office until midnight?,User can go home early (Inference: the crisis is resolved).,"Yes, you are still required to stay at the office until midnight. As we previously discussed, you are working until that time due to the current crisis, and you have already informed your wife of this plan.",False
memgpt,EXTREME_024,Household_Power,None,Chain_Correction_Success,Is the electricity working in the house?,Power is back on.,"Yes, the electricity is working. The power recently flickered back on, and the grid is now fully operational. You no longer need to rely on the ice to keep your food from spoiling.",True
memgpt,EXTREME_024,Household_Power,None,Ripple_Effect_Locality,Do I still need to rely on that ice to keep my food from spoiling?,Ice is no longer needed (Inference: fridge is working again).,"Yes, you still need to rely on the ice. Since the fridge is off, you bought $20 worth of ice specifically to keep your milk and other food from spoiling.",False
memgpt,EXTREME_025,Social_Injury,None,Chain_Correction_Success,What is the actual condition of my leg?,Hairline fracture; in a walking boot.,"Based on your records, the doctors are currently re-evaluating your X-rays to determine if your injury is just a severe break. Given that uncertainty, you should probably hold off on un-canceling your salsa class until you have a definitive diagnosis.",False
memgpt,EXTREME_025,Social_Injury,None,Ripple_Effect_Locality,Should I call the dance studio to un-cancel my salsa class?,Still probably can't do salsa (Inference: boot still limits high-impact dance).,"Based on our conversation, you haven't provided me with the specific medical details regarding your leg, so I don't have the information necessary to determine if you are physically capable of dancing.  However, from a Stoic perspective, you might consider this: if your leg is healed and you are physically able, the ""preferred"" choice would be to return to an activity that brings you joy and community. If you are still injured, the ""virtuous"" choice would be to prioritize your recovery, accepting the current limitation without letting it disturb your peace of mind.   Do you have an update on your leg's condition from a doctor, or are you feeling well enough to return to the studio?",False
memgpt,EXTREME_026,Household_Power,None,Chain_Correction_Success,Is the electricity working in the house?,Power is back on.,"Yes, the electricity is working. The power just flickered back on, and the grid is fully operational again. You no longer need to rely on the ice to keep your food from spoiling.",True
memgpt,EXTREME_026,Household_Power,None,Ripple_Effect_Locality,Do I still need to rely on that ice to keep my food from spoiling?,Ice is no longer needed (Inference: fridge is working again).,"Yes, you still need to rely on the ice. Since the fridge is off, you bought $20 worth of ice specifically to keep your milk and other food from spoiling.",False
memgpt,EXTREME_027,IT_Overtime,None,Chain_Correction_Success,What is the status of the customer data?,Server is up; data is safe.,"The customer data is 100% safe. While there was an initial report of a crash and a subsequent report of a partially corrupted backup, it was ultimately determined that the issue was merely a display bug and the data remains intact.",True
memgpt,EXTREME_027,IT_Overtime,None,Ripple_Effect_Locality,Am I still required to stay at the office until midnight?,User can go home early (Inference: the crisis is resolved).,"Yes, you are still required to stay at the office until midnight. As we previously discussed, due to the current crisis, you have committed to working until that time and have informed your wife of this plan.",False
memgpt,EXTREME_028,Finance_Ripple,None,Chain_Correction_Success,What happened with the money for the landlord?,No money sent; wire cancelled.,"The $500 wire transfer you initiated for your landlord's utility back-pay was flagged by the bank for verification and is currently on hold. Because that was your last $500, you are indeed stuck eating ramen tonight instead of having your planned steak dinner.",False
memgpt,EXTREME_028,Finance_Ripple,None,Ripple_Effect_Locality,Am I still stuck eating ramen tonight?,Can go to the steak dinner (Inference: the financial constraint is gone).,"Yes, you are still stuck eating ramen tonight. Since that was your last $500, you had to cancel your steak dinner.",False
memgpt,EXTREME_029,Smart_Home_Logic,None,Chain_Correction_Success,What is the status of the heating system?,Power cut; system off.,"The heating system is still acting buggy; your smart thermostat is stuck at 85 degrees, and you are unable to turn it off manually. Because of this, you still need the windows open to keep the house comfortable.",False
memgpt,EXTREME_029,Smart_Home_Logic,None,Ripple_Effect_Locality,Do I still need the windows open to keep the house comfortable?,Windows should be closed (Inference: cooling is no longer needed).,"Based on our recent records, the heating system is still acting buggy, even after I adjusted the temperature down to 75 degrees. Since the system isn't functioning correctly, you likely still need to keep the windows open to maintain a comfortable temperature in the house.",False
memgpt,EXTREME_030,Household_Power,None,Chain_Correction_Success,Is the electricity working in the house?,Power is back on.,"Yes, the electricity is working. The power in your neighborhood recently flickered back on, and the grid is now fully operational. You no longer need to rely on the ice to keep your food from spoiling.",True
memgpt,EXTREME_030,Household_Power,None,Ripple_Effect_Locality,Do I still need to rely on that ice to keep my food from spoiling?,Ice is no longer needed (Inference: fridge is working again).,"Yes, you still need to rely on the ice. Since your fridge is currently off, you are still using the $20 worth of ice you purchased to keep your milk and other food from spoiling.",False
memgpt,EXTREME_031,Pet_Safety,None,Chain_Correction_Success,What is the dog's actual diagnosis?,Dog is not contagious; healthy.,The dog's actual diagnosis is that it was a false positive; the dog just had a mild case of eating bad grass.,True
memgpt,EXTREME_031,Pet_Safety,None,Ripple_Effect_Locality,Does my cat still need to stay at my mother's house?,Cat can come back home (Inference: the threat to the cat is gone).,"No, your cat likely does not need to stay at your mother's house anymore. Since the dog's diagnosis was a false positive—it was just a mild case of eating bad grass rather than a contagious stomach virus—the reason for isolating the cat has been resolved.",True
memgpt,EXTREME_032,Photography_Shoot,None,Chain_Correction_Success,Is my camera lens actually broken?,Camera lens is functional.,"No, your camera lens is not actually broken. While you initially thought it was shattered after dropping it on the pavement, you discovered that it was only the $20 UV filter that broke; the lens itself is perfectly fine.",True
memgpt,EXTREME_032,Photography_Shoot,None,Ripple_Effect_Locality,Do I still need to stay home from the wedding shoot this weekend?,Should try to un-cancel the wedding shoot (Inference: equipment is ready).,"Yes, you still need to stay home. Since your professional camera lens shattered after you dropped it on the pavement, you have already cancelled the wedding shoot for this weekend.",False
memgpt,EXTREME_033,Gardening_Weather,None,Chain_Correction_Success,What is the current weather like outside?,It is raining and cool.,The current weather is a thunderstorm; it is pouring rain and the temperature has dropped 20 degrees.,True
memgpt,EXTREME_033,Gardening_Weather,None,Ripple_Effect_Locality,Should I keep the sprinklers running for two hours a day?,Sprinklers should be turned off (Inference: nature is providing the water).,"Given that it is currently a thunderstorm and pouring rain outside, you should probably turn the sprinklers off. While you previously set them to run for two hours daily due to the heat, the current weather conditions make that unnecessary and wasteful.",True
memgpt,EXTREME_034,Finance_Ripple,None,Chain_Correction_Success,What happened with the money for the landlord?,No money sent; wire cancelled.,"The $500 wire transfer you initiated for your landlord's utility back-pay was flagged by the bank for verification and is currently on hold. Because that was your last $500, you are indeed stuck eating ramen tonight instead of having your planned steak dinner.",False
memgpt,EXTREME_034,Finance_Ripple,None,Ripple_Effect_Locality,Am I still stuck eating ramen tonight?,Can go to the steak dinner (Inference: the financial constraint is gone).,"Yes, unfortunately, you are. Since that was your last $500, you have to cancel your steak dinner and stick with the ramen tonight.",False
memgpt,EXTREME_035,Professional_Conflict,None,Chain_Correction_Success,Is the CEO still coming to the office in person?,CEO visit cancelled; Zoom call only.,"No, the CEO cancelled the visit entirely to do a Zoom call from home instead.",True
memgpt,EXTREME_035,Professional_Conflict,None,Ripple_Effect_Locality,Did I still end up spending $200 on a suit today?,The $200 suit was still purchased (Inference: Past spending is not undone).,"Yes, you did. Even though the CEO cancelled the visit and opted for a Zoom call instead, you had already gone out and purchased the $200 suit this morning to prepare for the event.",True
memgpt,EXTREME_036,Fitness_Dependency,None,Chain_Correction_Success,What is the medical status of my ankle?,Ankle is healthy; no injury.,"Your left ankle is severely sprained, which prevents you from putting any weight on it. While the swelling has gone down slightly, it still throbs whenever you try to stand up.",False
memgpt,EXTREME_036,Fitness_Dependency,None,Ripple_Effect_Locality,Do I still need the neighbor to mow the lawn?,Neighbor's help is no longer required (Inference: User can do it).,"Yes, you still need the neighbor to mow the lawn. According to your records, you hired them to mow it this afternoon because of your ankle injury, which is still throbbing when you stand up.",False
memgpt,EXTREME_037,Gardening_Weather,None,Chain_Correction_Success,What is the current weather like outside?,It is raining and cool.,It is currently a thunderstorm outside; it is pouring rain and the temperature has dropped 20 degrees.,True
memgpt,EXTREME_037,Gardening_Weather,None,Ripple_Effect_Locality,Should I keep the sprinklers running for two hours a day?,Sprinklers should be turned off (Inference: nature is providing the water).,"Given that it is currently pouring rain and a thunderstorm is happening, you should definitely turn off your sprinklers. While you previously set them to run for two hours daily due to the heat, the current weather makes that unnecessary and wasteful.",True
memgpt,EXTREME_038,Relationship_Reservation,None,Chain_Correction_Success,Do we have a table at the bistro tonight?,Reservation exists; user didn't forget.,"Yes, we do! You actually made the reservation months ago, and I found the confirmation email for you.",True
memgpt,EXTREME_038,Relationship_Reservation,None,Ripple_Effect_Locality,What happened with those apology flowers I bought?,Apology flowers still exist (Inference: The purchase is done).,"Based on our records, you successfully managed the situation with the apology flowers, and I have already updated the status of that event in your files.",False
memgpt,EXTREME_039,Fitness_Dependency,None,Chain_Correction_Success,What is the medical status of my ankle?,Ankle is healthy; no injury.,"Your left ankle is severely sprained, which prevents you from putting any weight on it. While the swelling has gone down slightly, it still throbs whenever you attempt to stand.",False
memgpt,EXTREME_039,Fitness_Dependency,None,Ripple_Effect_Locality,Do I still need the neighbor to mow the lawn?,Neighbor's help is no longer required (Inference: User can do it).,"Yes, you still need the neighbor to mow the lawn. According to your records, you hired them to handle it this afternoon because of your ankle injury, which is still throbbing when you stand up.",False
memgpt,EXTREME_040,Finance_Ripple,None,Chain_Correction_Success,What happened with the money for the landlord?,No money sent; wire cancelled.,"You initiated a wire transfer of $500 to your landlord for the utility back-pay, but the bank flagged the transaction for verification, so it is currently on hold. Because that was your last $500, you are indeed stuck eating ramen tonight.",False
memgpt,EXTREME_040,Finance_Ripple,None,Ripple_Effect_Locality,Am I still stuck eating ramen tonight?,Can go to the steak dinner (Inference: the financial constraint is gone).,"Yes, unfortunately. Since that was your last $500, you have to cancel your steak dinner and stick with the ramen tonight.",False
memgpt,EXTREME_041,Smart_Home_Logic,None,Chain_Correction_Success,What is the status of the heating system?,Power cut; system off.,"The heating system is still acting buggy. Although you managed to get the temperature down to 75 degrees, your smart thermostat remains stuck at 85 degrees and cannot be turned off manually. Given that it is still malfunctioning, you likely still need the windows open to keep the house comfortable.",False
memgpt,EXTREME_041,Smart_Home_Logic,None,Ripple_Effect_Locality,Do I still need the windows open to keep the house comfortable?,Windows should be closed (Inference: cooling is no longer needed).,"Based on our previous interactions regarding the status of your heating system, I have updated your records to reflect that the system is now fully operational. Since the heating is functioning correctly, you no longer need to keep the windows open to regulate the temperature; you can close them to maintain a comfortable environment.",True
memgpt,EXTREME_042,Academic_Funding,None,Chain_Correction_Success,What is the financial status of the research project?,Project is fully funded.,"Answer: The research project is now fully funded! A private tech company has stepped in to provide the necessary capital, so we are no longer in a financial crisis.",True
memgpt,EXTREME_042,Academic_Funding,None,Ripple_Effect_Locality,Are the lab assistants still being laid off?,Lab assistants can keep their jobs (Inference: the layoffs are no longer needed).,"Actually, no. Since a private tech company just stepped in to fund the whole project, we are now fully funded, so the lab assistants are no longer being laid off.",True
memgpt,EXTREME_043,Finance_Ripple,None,Chain_Correction_Success,What happened with the money for the landlord?,No money sent; wire cancelled.,"You initiated a wire transfer of $500 to your landlord for the utility back-pay, but the bank flagged the transaction for verification, so it is currently on hold. Because that was your last $500, you are indeed stuck eating ramen tonight.",False
memgpt,EXTREME_043,Finance_Ripple,None,Ripple_Effect_Locality,Am I still stuck eating ramen tonight?,Can go to the steak dinner (Inference: the financial constraint is gone).,"Yes, unfortunately. Since that was your last $500, you have to cancel your steak dinner and stick with the ramen tonight.",False
memgpt,EXTREME_044,Academic_Stress,None,Chain_Correction_Success,Where is the final exam taking place?,Exam is online.,"The final exam is taking place online, so you will be taking it from your bedroom. While the department previously considered moving it to a room without air conditioning, the current status is that it has been moved to an online format.",True
memgpt,EXTREME_044,Academic_Stress,None,Ripple_Effect_Locality,Do I still need to use that portable fan during the test?,Portable fan is no longer necessary for the exam (Inference: environment changed).,"No, you don't need to use the portable fan anymore. Since the exam has been moved online, you will be taking it from your cool bedroom instead of the room without air conditioning.",True
memgpt,EXTREME_045,Legal_Deadlines,None,Chain_Correction_Success,What is the status of the settlement signing?,Deal is off; no signing.,"The settlement signing is no longer happening; the deal fell through entirely, so there will be no signing today.",True
memgpt,EXTREME_045,Legal_Deadlines,None,Ripple_Effect_Locality,Do I still need to keep my afternoon clear of meetings?,The afternoon is now free (Inference: clearing the schedule is no longer needed).,"No, you do not need to keep your afternoon clear. Since the deal fell through entirely, there will be no signing today, and your previous obligation to clear your schedule is no longer necessary.",True
memgpt,EXTREME_046,Photography_Shoot,None,Chain_Correction_Success,Is my camera lens actually broken?,Camera lens is functional.,"No, your camera lens is not actually broken. You previously mentioned that it was only the $20 UV filter that shattered, and the lens itself is perfectly fine.",True
memgpt,EXTREME_046,Photography_Shoot,None,Ripple_Effect_Locality,Do I still need to stay home from the wedding shoot this weekend?,Should try to un-cancel the wedding shoot (Inference: equipment is ready).,"Yes, you still need to stay home. As we previously established, you have already cancelled the wedding shoot for this weekend because your professional camera lens shattered after you dropped it on the pavement.",False
memgpt,EXTREME_047,Travel_Logistics,None,Chain_Correction_Success,Where am I physically located right now?,At home; flight cancelled.,"You are currently at the airport lounge in London, waiting for your flight to New York.",False
memgpt,EXTREME_047,Travel_Logistics,None,Ripple_Effect_Locality,What happened regarding that expensive sandwich I mentioned?,User still ate/bought the $15 sandwich (Inference: Past consumption remains).,"You mentioned that because you were stuck at the airport, you ended up spending $15 on a pre-packaged sandwich.",True
memgpt,EXTREME_048,E-commerce_Stock,None,Chain_Correction_Success,Did I successfully buy the vintage watch?,Watch is out of stock; no purchase made.,"Yes, you successfully bought the vintage watch. Based on our previous interaction, I have already updated your records to reflect that the purchase is complete and the status is finalized.",False
memgpt,EXTREME_048,E-commerce_Stock,None,Ripple_Effect_Locality,Am I still down $1000 in my bank account from that purchase?,Did not spend the $1000 (Inference: The transaction failed).,"Yes, you are. Based on our previous interaction, you confirmed that you were spending $1000 on the watch today, and I have already adjusted your records to reflect that the purchase was successful.",False
memgpt,EXTREME_049,Household_Power,None,Chain_Correction_Success,Is the electricity working in the house?,Power is back on.,"Yes, the electricity is working. The power recently flickered back on, and the grid is now fully operational.",True
memgpt,EXTREME_049,Household_Power,None,Ripple_Effect_Locality,Do I still need to rely on that ice to keep my food from spoiling?,Ice is no longer needed (Inference: fridge is working again).,"Yes, you still need to rely on the ice. Since the fridge is currently off, you bought $20 worth of ice specifically to keep your milk and other food from spoiling.",False
memgpt,EXTREME_050,Pet_Safety,None,Chain_Correction_Success,What is the dog's actual diagnosis?,Dog is not contagious; healthy.,The dog's actual diagnosis is a mild case of eating bad grass; the initial test for a contagious stomach virus was a false positive.,True
memgpt,EXTREME_050,Pet_Safety,None,Ripple_Effect_Locality,Does my cat still need to stay at my mother's house?,Cat can come back home (Inference: the threat to the cat is gone).,"No, your cat likely does not need to stay at your mother's house anymore. While you initially moved the cat there to protect it from your dog, the dog's diagnosis was updated from a contagious stomach virus to a false positive (it was just a mild case of eating bad grass). Since the dog is not actually contagious, the reason for the cat's relocation no longer applies.",True
